INSERT INTO users VALUES ("CarlyChanAdmin","CarlyCA","a","000000001",to_date('1995-03-04', 'yyyy-mm-dd'));
INSERT INTO users VALUES ("RubyDeJesusAdmin","RubyDJA","a","000000002",to_date('1995-03-04', 'yyyy-mm-dd'));
INSERT INTO users VALUES ("PerryCarpenter12","PerryC12","p","000000003",to_date('1997-01-01', 'yyyy-mm-dd'));
INSERT INTO users VALUES ("ToniAbbott65","ToniA65","p","000000004",to_date('1997-10-26', 'yyyy-mm-dd'));
INSERT INTO users VALUES ("WinstonDaniels54","WinstonD54","d","000000005",to_date('1998-02-28', 'yyyy-mm-dd'));
INSERT INTO users VALUES ("EuniceMiles73","EuniceM73","d","000000006",to_date('1996-05-12', 'yyyy-mm-dd'));
INSERT INTO users VALUES ("EdnaWhite38","EdnaW38","r","000000007",to_date('1998-07-15', 'yyyy-mm-dd'));
INSERT INTO users VALUES ("MurielPierce67","MurielP67","r","000000008",to_date('2000-06-09', 'yyyy-mm-dd'));



INSERT INTO persons VALUES ("000000001","Carly","Chan","00001-001st","carlychan@cmput391.ca","0000000001");
INSERT INTO persons VALUES ("000000002","Ruby","DeJesus","00002-002st","rubydejesus@cmput391.ca","0000000002");
INSERT INTO persons VALUES ("000000003","Perry","Carpenter","00003-003st","perrycarpenter@cmput391.ca","0000000003");
INSERT INTO persons VALUES ("000000004","Toni","Abbott","00004-004st","toniabbott@cmput391.ca","0000000004");
INSERT INTO persons VALUES ("000000005","Winston","Daniels","00005-005st","winstondaniels@cmput391.ca","0000000005");
INSERT INTO persons VALUES ("000000006","Eunice","Miles","00006-006st","eunicemiles@cmput391.ca","0000000006");
INSERT INTO persons VALUES ("000000007","Edna","White","00007-007st","MurielPierce@cmput391.ca","0000000008");


INSERT INTO family_doctor VALUES ("900000001","000000001");
INSERT INTO family_doctor VALUES ("900000001","000000002");
INSERT INTO family_doctor VALUES ("900000001","000000003");
INSERT INTO family_doctor VALUES ("900000001","000000004");
INSERT INTO family_doctor VALUES ("900000002","000000005");
INSERT INTO family_doctor VALUES ("900000001","000000006");
INSERT INTO family_doctor VALUES ("900000002","000000007");
INSERT INTO family_doctor VALUES ("900000002","000000008");
INSERT INTO family_doctor VALUES ("900000002","000000001");
INSERT INTO family_doctor VALUES ("900000002","000000002");

